SiteUrl,SiteName,UserName
https://papinosuke.github.io/diary.html,papipupepoの日記,papipupepo
http://robo-gamecenter.seesaa.net/,ロボのゲームセンター,robo_24
https://tan-10.github.io/,tan-10の研究所,tan-10
https://developermodoki.github.io/pages/,developermodoki's Pages,Windows1000000_2
https://sypuhome.webnode.jp/,sypuHOME,sypu
https://ryouuuuoyr-scratcher.webnode.jp/,ryouuuuoyr-scratcherのScratchブログ,ryouuuuoyr
https://taitaitatata.github.io/taitai-page,taitaitatataのホームページ,taitaitatata
https://neko001robov.github.io/,nyankotrainのお部屋,nyankotrain
https://yuikunyeah.github.io/homepage/profile.html,yuikunyeahのプロフ,yuikunyeah
https://s-1014.glitch.me/,S-1014のサイト,S-1014
https://enthusiasticprogram.github.io/index.html,Enthusiastic,-p-e-n-
https://bellomaker.glitch.me/,BellMe,Bellomaker
https://kokero-web.github.io/,KOKERO WEB,kokeroyama
https://nebanebakun.github.io/mainpage/,nebanebakunの公式サイト,nebanebakun
https://613482be66713.site123.me/,K-site,ketiketi87